,type,date,time,location,action,description
0,bed,,,,wish,scary
1,change,,morning,,,new
2,,,,,kill,sure
3,essay,,,,,
4,khdradio,,,,,
5,aftershock,,,,come,
6,aftershock,,,,feel,
7,sequenc,,,California,,ongoing
8,southwest,,,Rico,go,
9,aftershock,,,,,right
10,aftershock,,,Rico,hit,
11,aftershock,,,Rico,hit,
12,,,,,hit,
13,extention,,,,come,mild
14,aftershock,,,Rico,hit,
15,shino,,,,,yellow
16,aftershock,,,Rico,hit,
17,,,,,pray,
18,aftershock,,,Rico,hit,
19,,,,,,
20,aftershock,,,,kill,
21,superzero,,,,look,close
22,aftershock,,,,feel,small
23,aftershock,,,,go,engaged
24,people,,,Rico,feel,good
25,powerupau,,,,,
26,aftershock,,,Worker,go,viral
27,table,,night,,live,terrible
28,,,,,need,calm
29,aftershock,,,,set,
30,aftershock,,,,obv,
31,shock,,,MM,say,main
32,nonsen,ago,,,say,
33,beat,,,,recover,lyrical
34,theory,,,Apex,,separate
35,aftershock,,,,set,
36,end,,,,ask,
37,event,,,,include,seismic
38,aftershock,,,Rico,hit,
39,thou,,,Rico,,
40,,,,,give,
41,governor,,,,save,young
42,increase,,morning,,,
43,scenario,,,,post,
44,po,,night,Rico,go,
45,ground,,,,prefer,
46,power,,,,,
47,aftershock,,,Rico,forecast,
48,beat,,,,recover,lyrical
49,shutupjenifer,,,,,
50,tsunami,,,,propagate,
51,airline,,,,,
52,konsis,,,India,,
53,ianemeneze,,,,PARA,
54,line,,,,,fast
55,pos,,,,stay,upbeat
56,argument,,,,bu,similar
57,thegodparticle,,,,,
58,period,,,,,
59,depois,,,,minha,
60,,,,,,
61,thegodparticle,,,,,
62,,,,India,,
63,der,,,Arica,localizado,
64,depois,,,,minha,
65,pos,,,,stay,upbeat
66,,,,India,,
67,pollen,,,,allergic,
68,thegodparticle,,,,,
69,pos,,,,stay,upbeat
70,imkimaaron,,,Tsunami,,
71,rate,,,Bihar,fall,alarming
72,hundal,,,,,
73,,,,,,
74,road,,,,show,resulted
75,supervisor,,,,warn,financial
76,der,,,Arica,localizado,
77,depois,,,,minha,
78,podra,,,alguna,existir,
79,maestra,,,,para,
80,depois,,,,minha,
81,renen,,,,localizado,
82,way,,,Tsunami,,watershed
83,hundal,,,,,
84,pos,,,,stay,upbeat
85,ver,,,,,
86,way,,,,find,weird
87,rate,,,Bihar,fall,alarming
88,,,,kegiatan,,ritual
89,thegodparticle,,,,,
90,depois,,,,minha,
91,karajlahoria,,,,,hundal
92,hundal,,,,,
93,pos,,,,stay,upbeat
94,tsunami,,,,expect,
95,period,,,,,
96,,,,,,
97,rate,,,Bihar,fall,alarming
98,pile,,,,toothpick,
99,pos,,,,stay,upbeat
100,fui,,,,tive,
101,depois,,,,minha,
102,,,,,glad,
103,course,,,,,
104,davido,,,,davido,
105,karajlahoria,,,,,hundal
106,epicentro,,,,,informa
107,bar,,,,take,seventh
108,tweet,,,India,stop,mean
109,rate,,,Bihar,fall,alarming
110,pos,,,,stay,upbeat
111,w,,,,hold,last
112,sungai,,,,,
113,temblor,,,Bolivia,,
114,pos,,,,stay,upbeat
115,pos,,,,stay,upbeat
116,,,,kegiatan,,ritual
117,tsunami,,,N,,
118,untuk,,,,,
119,pos,,,,stay,upbeat
120,meroket,,,India,panik,
121,,,,,,
122,thegodparticle,,,,,
123,clown,,,,thepissclown,
124,help,,,,stay,upbeat
125,consecuenc,,,,,como
126,bae,,,,look,
127,depois,,,,minha,
128,meroket,,,India,panik,
129,tweet,,,India,stop,mean
130,tsunami,,,,,
131,thr,,,,reverse,personal
132,tweet,,,India,stop,mean
133,,,,Lebih,,
134,,,,,get,
135,hundal,,,,,
136,hi,,,,look,
137,depois,,,,minha,
138,epidemic,,,China,overcome,
139,cms,,,Modi,create,clueless
140,sungai,,,,,
141,tebing,,,,laporan,
142,jool,,,,,
143,tweet,,,India,stop,mean
144,tweet,,,India,stop,mean
145,temblor,,,Bolivia,,
146,tsunami,,,,expect,misjudged
147,rate,,,Bihar,fall,alarming
148,temblor,,,Bolivia,,
149,rise,,hour,,pray,dead
150,glass,,,,leave,old
151,rise,,hour,,pray,dead
152,mi,,,,spread,
153,suspicion,Wednesday,,California,set,
154,man,,,Vacaville,set,
155,suspicion,Wednesday,,California,set,
156,wildfire,today,,,spread,sure
157,area,,hour,,spread,top
158,yard,,,Angeles,wildfire,right
159,world,season,,West,warn,large
160,habit,,hour,Mizoram,spread,top
161,landscape,week,,,show,right
162,,,,,fail,
163,suspicion,Wednesday,,California,set,
164,meme,,,,,
165,plan,,,,wildfi,many
166,,,,,badbitchshelby,
167,wildfire,,,,blame,fair
168,dranjalidalal,,,,,
169,people,,,,vote,helpful
170,wildfire,,,,spread,new
171,rage,,,,,literal
172,time,,,california,need,
173,People,,,,want,
174,mon,,,,,outside
175,pot,,,,bring,local
176,gove,,,,,safe
177,world,season,,West,warn,large
178,world,season,,West,warn,large
179,place,,,,suffer,beautiful
180,wildfire,,,,spread,
181,wildfire,,,California,start,deadly
182,yard,,,Angeles,wildfire,right
183,yard,,,Angeles,wildfire,right
184,,,,,receive,muchneeded
185,government,,,India,think,
186,night,,,,,unpearable
187,mean,Thursday,,,wear,yellow
188,medium,,,,lie,right
189,tree,,,Oroville,burn,wild
190,guy,,,,agree,
191,step,,,,double,sneeze
192,blow,,morning,,disappear,
193,right,,,,give,incompetent
194,tree,,,Oroville,burn,wild
195,c,,,,see,public
196,employee,,,US,pay,covid
197,fundbecau,,,,kind,covid
198,governme,,,,,safe
199,pre,,,,make,complete
200,jaayeNeechta,,,Praan,narendramodi,
201,wildfire,,,,blame,fair
202,wildfire,,,,spread,
203,,,,,,
204,wildfire,,,,ageekid,
205,virion,,,,contain,covid
206,satellite,,,,use,
207,whi,,,,,successful
208,exploit,,,,seek,ready
209,pump,,,,need,smooth
210,world,season,,West,warn,large
211,nvfirecams,,,Zephyr,disappoint,
212,statement,,,,fee,false
213,wildfire,,,,blame,fair
214,acre,,,,threaten,complex
215,development,,,,shut,potential
216,acre,,,,threaten,complex
217,home,,,,make,wildfireready
218,,,,,,
219,com,,,,communityis,vulnerable
220,catastr,,,,bring,appeasement
221,wildfire,,,,blame,fair
222,wildfire,,,,blame,fair
223,world,season,,West,warn,large
224,,,,,keep,safe
225,report,,,,,
226,world,season,,West,warn,large
227,,,,,,
228,,,,,watch,
229,compet,,,hackathon,reach,final
230,tree,,,Oroville,burn,wild
231,world,season,,West,warn,large
232,conc,today,,,get,
233,death,,,,receive,covid
234,com,,,,communityis,vulnerable
235,wildfire,,,California,start,deadly
236,tree,,,Oroville,burn,wild
237,ba,,,,stop,segregate
238,acre,,,,threaten,complex
239,wildfire,ago,,,grow,
240,com,,,,communityis,vulnerable
241,,,,,,
242,acre,,,,threaten,complex
243,world,season,,West,warn,large
244,case,,,Indiadrharshvardhan,say,active
245,wildfire,,,,burn,
246,tree,,,Oroville,burn,wild
247,wildfire,,,,blame,fair
248,home,,,,,
249,gymnasium,,,,decimate,
250,tornado,week,,,rip,
251,report,FridaySaturday,night,,,
252,aftermath,weekend,,,arab,incredible
253,wind,,,,,
254,plan,,hour,,follow,much
255,singer,,,,name,famous
256,school,,,,hit,fast
257,waay,,,,heartbroken,
258,transition,,,,give,busy
259,ne,,,,,similar
260,polic,,,,touch,least
261,flight,,,,,south
262,tornado,,,,pass,
263,corridor,,,Gainesville,warn,severe
264,tornado,,,,,indoor
265,storm,,,Carolina,strike,
266,test,,,,rec,
267,storm,Fridays,,,,preliminary
268,touch,,,,,
269,school,,,,,high
270,school,,,,rebuild,high
271,touch,Saturday,,,pass,nearby
272,storm,,,Carolina,strike,
273,km,,,,give,wide
274,accompany,,,,give,generous
275,,,,,,
276,People,,,China,know,hoax
277,color,,,,pink,
278,tornado,yesterday,,LA,,
279,honeymoon,,,Oklahoma,go,
280,home,,,,destroy,
281,wind,,,,,
282,thunderstorm,,,,,loud
283,rain,,,,affect,heavy
284,thth,,,,isolate,thth
285,,,,Chatham,,
286,,,,Chatham,,
287,course,January,,,thunderstorm,middle
288,year,JANUARY,,,suppose,cold
289,county,,,EAST,,central
290,thunderstorm,,,,problem,massive
291,wind,,,,,
292,bed,,,,share,
293,,,,,,
294,frequen,,,,warn,small
295,haillightne,,,,isolate,
296,haillightne,,,,isolate,
297,th,,,,isolate,thth
298,th,,,,isolate,thth
299,Warning,,,Washington,,
300,mb,,,,,current
301,,,,,,
302,thunderstorm,,,,deadass,snacky
303,warning,,,,include,
304,warning,,,,include,
305,warning,,,,include,
306,warning,,,NC,include,
307,bed,,,,stay,different
308,district,,,,,severe
309,concern,,,,love,many
310,yeahhhh,,,,wake,
311,desert,,,,become,emotional
312,freq,,,,warn,small
313,brain,,,,feel,angrysadanxious
314,,Day,,,,
315,rain,,,,vaw,heavy
316,amp,,,,,
317,amp,,,,,
318,,,,,,
319,,,,,,korean
320,rain,,,,affect,heavy
321,pasquotank,,,,hertfo,bertie
322,,,,,,
323,,,,,,
324,,,,,,
325,,,,,,
326,,,,,,
327,,,,,,
328,thunderstor,JANUARY,,,,severe
329,wind,,,,get,
330,chance,,,,seem,retreat
331,mold,,,,sunshine,
332,,,,Ohio,,
333,thunderstorm,,,,,amazing
334,,,,,,
335,weather,,,,continue,
336,warning,,,,include,
337,weather,,,,continue,
338,warning,,,,include,
339,weather,,,,continue,
340,warning,,PM,,include,
341,warning,,,Scranton,include,
342,weather,,,,continue,
343,weather,,,NC,continue,
344,warning,,,NC,include,
345,pm,,,NC,continue,
346,warning,,,NC,include,
347,warning,,,NC,include,
348,,,,,,
349,car,ago,,,drive,front
350,l,,,,move,
351,l,,,,move,
352,l,,,,move,
353,people,,,Goldfie,part,large
354,affect,,,,,southern
355,pissing,,,,,
356,thunderstorm,,,,,amazing
357,warning,,,NC,include,severe
358,,,,,continue,
359,warning,,,,include,severe
360,,,,NC,continue,
361,,,,NC,continue,
362,warning,,,NC,include,severe
363,e,,,AM,continue,
364,warning,,,NC,include,severe
365,thunderstorm,,,,,beautiful
366,town,Saturday,morning,,,severe
367,town,Saturday,morning,,,severe
368,hail,,,,get,
369,time,,,,wake,right
370,chill,,,,,
371,half,,,,crack,whole
372,weather,,,NC,love,nuclear
373,rise,,,Pakistan,,
374,cause,,,,see,
375,bombing,,,,go,
376,use,weekly,,,lose,
377,pic,,,,entail,palestinian
378,ambulance,,,,use,aged
379,,,,,,
380,bombing,,,,,
381,injure,,,,cro,many
382,diffe,,,,wash,big
383,bombing,,,,feel,
384,end,,,,take,high
385,woman,,,,twoyear,
386,,,,,,
387,people,,,Pakistan,kill,islamic
388,use,weekly,,,lose,
389,bro,,,,describe,
390,bombing,,,,come,
391,commence,,,,take,new
392,reality,,,,think,
393,apparel,,,,,chic
394,bombing,,,,foreignborn,terrorist
395,suicide,,,,foreignborn,terrorist
396,suicide,,,,wear,first
397,brother,,,Bombing,let,
398,madness,,,Iran,start,
399,basis,daily,,Somalia,face,true
400,rise,,,Pakistan,,
401,bombing,,,,commit,arabian
402,amb,,,,use,aged
403,bombing,ago,,,afgh,sad
404,terrorist,,,,make,
405,capture,,,Pakistan,,responsible
406,th,,,,,deadly
407,rise,,,Pakistan,,
408,locatio,,,US,allow,public
409,rise,,,Pakistan,,
410,rise,,,Pakistan,,
411,rise,,,Pakistan,,
412,rise,,,Pakistan,,
413,rise,,,Pakistan,,
414,shooting,,,America,terrorize,much
415,bombing,,,Russia,miss,open
416,community,,,,remain,intact
417,day,,,,,jihadi
418,claim,,,Pakistan,kill,least
419,capital,,,Nigeria,,
420,land,,,,,
421,community,,,,remain,intact
422,crank,,,,,
423,martyrdom,,,,let,subject
424,oclock,,,,run,
425,snowstorm,,,,,
426,whippersnapper,,,,make,young
427,drive,,,,get,
428,,,,,,
429,photography,,,,snowstorm,
430,defend,,,,remind,
431,snowstorm,,,,,incredible
432,campaign,,,,,right
433,snowstorm,,,,,incredible
434,,,,,,
435,history,January,,Vistula,occupy,military
436,weather,,night,,include,harsh
437,people,,,,die,
438,approach,,,Vancouver,coordinate,regional
439,snowstorm,,,,bring,right
440,traveler,,,,look,new
441,amp,,,,stay,big
442,part,,,,materialize,overnight
443,travel,,,,,tear
444,day,,,,weigh,readable
445,snowstorm,,,,wait,real
446,moisture,Saturday,,Gulf,flow,strong
447,snowstorm,,,,,elderly
448,way,,,Colorado,capture,milky
449,road,,,,,
450,snowstorm,,,,come,much
451,game,,,,get,favorite
452,link,,,,like,small
453,bot,yesterday,,,take,
454,snowstorm,,,,,pleasing
455,winter,,night,,look,pretty
456,vol,,,,take,top
457,freak,ago,,,organize,instacart
458,people,,,,increase,
459,lot,,,,get,
460,risk,,,,put,first
461,day,,,,walk,funny
462,nonsense,winter,,,feel,
463,people,,,,respond,huge
464,power,,,County,knock,
465,power,,,County,knock,
466,bud,,,,lose,whole
467,sign,,,Victoria,develop,major
468,drive,,,,call,heavy
469,people,,,,sidew,shovel
470,,,,,blow,
471,river,,,,,
472,aggre,,,,get,
473,hour,,,,stop,middle
474,snowstorm,,,,cancel,due
475,snowstorm,,night,,,
476,movie,,,chicago,watch,crazy
477,food,,,,eat,fast
478,food,,,,eat,fast
479,bless,,,,gratitude,thankful
480,snowstorm,,,,visit,
481,noodle,,,,eat,spicy
482,area,,,Huron,include,
483,snowstorm,,,,,middle
484,work,today,night,,make,awful
485,snowstorm,,,Minnesota,cancel,due
486,,,,,,
487,,,,,,
488,bunch,,,,go,
489,,,,,,
490,,,,,like,
491,plan,,,Israel,attack,
492,pack,,,,,
493,part,,,,take,organi
494,plan,,,Israel,attack,
495,str,year,,,thank,great
496,direction,,,,keep,small
497,plan,,,Israel,attack,
498,plan,,,Israel,attack,
499,lol,,,,get,whole
500,,,,,,
501,battle,,,,want,
502,relationship,,,,design,weak
503,plan,,,Israel,attack,
504,plan,,,Israel,attack,
505,sandstorm,,,,,
506,sandstorm,,,,,
507,sandstorm,,,,row,nice
508,drop,,,,make,nice
509,,,,,darude,
510,banger,,,,,dead
511,game,,,,check,
512,,,,,thi,
513,check,,,,enter,giveaway
514,sandstorm,,,,feel,overwhelming
515,actor,,,,learn,direct
516,folder,,,Hwasa,scroll,
517,pls,,,,,mamamoo
518,sound,,,,,sensual
519,time,,,,cut,cutest
520,halfcorrect,,,,hummin,
521,,,,,,
522,village,,,,take,great
523,widow,,,,drop,tall
524,theater,,,,http,special
525,drum,month,,,get,
526,fun,,,Carolina,replace,
527,check,,,,enter,giveaway
528,chance,,,,talente,
529,,,,,,wild
530,sandstorm,ago,,,go,
531,,,,,,
532,sandstor,,,,feel,overwhelming
533,check,,,,enter,giveaway
534,examp,,,,disagree,
535,area,,night,,return,wild
536,plan,,,Israel,attack,
537,word,,,,,chant
538,sandstorm,,,,,random
539,,,,,play,
540,snow,,,,,
541,,,,Australia,call,
542,version,January,,,drop,
543,comment,,,,,
544,,,,,,
545,picture,year,,,nominate,good
546,roll,,,Moonbyul,rip,vocal
547,bitch,,,,spend,
548,distance,,,,annoy,
549,wear,,,,startup,
550,baby,,,,kill,
551,vehicle,,,,drive,injured
552,peopl,,,China,kill,swallow
553,l,,,,appreciate,quick
554,fire,Tuesday,,Guangdong,,
555,home,,,,,
556,explosion,,,China,kill,swallow
557,death,,,,lead,deep
558,disc,,,,,
559,aurablueexplosion,,,,,
560,ex,,,China,,social
561,enemy,,,,occur,new
562,fire,,,Australia,,many
563,exhibition,,,,see,current
564,hi,,,,,total
565,perk,,,,coffee,
566,lmaooo,,,,celebrate,gay
567,p,,,,ask,
568,rage,,,,predict,
569,e,,,,carry,
570,explosion,,,,get,
571,wholesom,,,,deliver,massive
572,dog,,,,,
573,pub,,,Angeles,evaluate,wrong
574,girl,,,,sucha,ugh
575,explosion,,,,,
576,explo,,,,pull,
577,explosion,,,Philippines,say,
578,land,,,Manila,say,first
579,explosion,,,,,homeless
580,light,,,,happen,anytime
581,world,,,,create,nuclear
582,vi,today,,Zhuhai,cite,huge
583,pm,,,,update,ongoing
584,box,,,,bear,unique
585,People,,,,,
586,bomb,,tonight,Sweden,hear,large
587,witness,,,,,live
588,love,,,,see,original
589,ya,,,,fall,
590,explosion,,,,wake,dead
591,h,,,China,kill,swallow
592,explosion,today,,Manila,want,due
593,yesu,,hour,,pray,
594,hi,,,,come,
595,wildlife,,,,cover,new
596,boy,,,,show,mact
597,operation,,,,make,safe
598,town,,,Batangas,save,
599,rescue,,,Valley,report,dead
600,system,,,,set,rigorous
601,animal,,,,take,
602,raid,today,night,,Ram,wrong
603,joeytake,,,,retweet,encourag
604,water,,,,give,proper
605,day,,,,plan,open
606,need,,,Australia,donate,many
607,death,,,Kashmir,cause,
608,need,,,,rescue,
609,rescue,,,,come,corrupt
610,amp,,,Pravin,go,hlubi
611,young,today,,,kitten,little
612,fro,,,,come,positive
613,deal,,,,thrash,
614,liaise,,,,appreciate,many
615,jerk,,,,believe,
616,shelter,,,,tell,big
617,MayWardLoveForReal,,,,rescue,safe
618,rescue,,,,game,
619,commitment,,,,need,sweet
620,,,,York,,
621,rescue,,,,hope,able
622,vehicle,,,,need,
623,search,,,,mean,famous
624,surface,,,,rescue,
625,space,,,GB,provide,free
626,rescue,,,,update,
627,rescue,,,,develop,
628,busi,,,,meet,due
629,hoeratweet,,,,,
630,government,,,,consider,
631,,August,,,go,miss
632,amp,,,,,massive
633,,,,,,
634,whisk,,,,cover,wi
635,wildlife,,,,assist,
636,rescue,month,,,meet,
637,w,,,,arrive,temporary
638,record,,,,rescue,
639,rescue,,,,attempt,
640,fire,week,,,follow,beloved
641,home,,,Romania,arrive,new
642,dumpster,,,Maine,,young
643,burner,,,,,
644,hom,,,Queensland,,safe
645,rescue,,,,bless,relieved
646,baby,,,,,newborn
647,owner,,,Philippines,,many
648,eye,,,,bawl,gahd
649,rescue,,,,know,happy
650,tyl,,,,get,
651,birth,day,,,give,
652,civilisation,,,Fortuna,abandon,clear
653,stay,,,,drag,unpredictable
654,http,,,,forget,ctto
655,arrest,,,Texas,steal,
656,visit,,,,miss,disastrous
657,government,,,Lebanon,update,nigerian
658,taalvolcanoashfall,,,,help,right
659,w,,,,affect,
660,rescue,,,,know,happy
661,fireaffecte,,,,find,much
662,people,ago,,Australia,,
663,rescue,,,,abandon,
664,lane,,,Kothi,,old
665,animal,,,,get,close
666,care,,,Australia,take,
667,help,,,,thank,
668,wer,,,,charge,steal
669,secretary,,,Iran,stay,major
670,rescuer,,,,,
671,place,,,,leave,first
672,volunteer,,,China,collect,gorgeous
673,rescuer,,,,make,criminal
674,person,,,US,email,good
675,hat,,,,cover,top
676,wrath,,,,save,
677,rescuer,,,,pray,
678,p,,,,,extreme
679,lightheart,,,Island,bring,
680,behin,,,,leave,many
681,doggo,,,,,safe
682,horse,,,,thank,medical
683,g,,,,keep,hard
684,taalvolcano,,,,,
685,thos,,,,open,
686,rescue,,,,interact,wonderful
687,dm,,,,get,least
688,link,,,,open,
689,baby,,,,leave,many
690,prayfora,,,Australia,call,
691,rescuer,,,,keep,safe
692,rescuer,,,,,
693,area,,,,affect,open
694,animal,,,Carolina,leave,blind
695,staf,,,,pop,
696,r,,,,pray,lovely
697,detail,,,,give,full
698,h,,,,try,starve
699,volcano,,,,confirm,main
700,people,,,,,great
701,extreme,,,,,late
702,SPAR,,,,share,
703,rescuer,,,,,good
704,rescuer,,,,grow,
705,survive,,,,try,
706,volcano,,,,confirm,main
707,film,,,,make,first
708,base,,,,din,masksbasic
709,task,,,,rescuer,harrowing
710,kayo,,,Kahanga,bless,hanga
711,islandnand,,,,find,big
712,l,,,,go,
713,mud,,,,cause,much
714,tether,,,,vet,long
715,rescuer,,,,,
716,rescue,today,,India,save,th
717,tree,,,,go,
718,place,,,,leave,first
719,kitten,,,Netflix,call,
720,estimate,,,Australia,try,aerial
721,,,,,,
722,peril,day,,,thi,big
723,movie,,,,answer,live
724,wil,,,,register,interested
725,water,,,,go,
726,lef,,,,affect,many
727,people,,,,,great
728,tienen,,,,,
729,,,,,,
730,music,Christmas,,,christmase,
731,tienen,,,,,
732,option,,,Island,go,
733,,Christmas,,,,
734,fuck,,,,know,exci
735,litt,,,,,tricky
736,movie,Christmas,,,,favorite
737,c,Christmas,,,anime,impactfuliconic
738,jfcjustinbieber,Christmas,,,,
739,,Christmas,,,,
740,jfcjustinbieber,Christmas,,,,
741,reason,,,,,
742,baby,December,,,listen,
743,tree,,,,poopiesock,
744,jfcjustinbieber,Christmas,,,,
745,rpido,christmas,,,toh,
746,tienen,,,,,
747,tienen,,,,,
748,rockypathz,,,,become,
749,jfcjustinbieber,Christmas,,,want,
750,jfcjustinbieber,Eve,,,,
751,ele,year,,,,
752,money,,,,go,
753,mind,Christmas,,,go,
754,jfcjustinbieber,Christmas,,,get,votebybelieber
755,jfcjustinbieber,Christmas,,,,
756,tear,christmas,,,show,real
757,jfcjustinbieber,,,,,
758,past,christmas,,,,bingus
759,want,,,,wonde,new
760,terrorism,,,,ce,
761,right,,,,,thoughtful
762,good,,,,,
763,time,,,MuffinSadistic,,
764,staydr,Christmas,,Tommy,see,secondstommy
765,thank,,,,,late
766,tienen,,,,,
767,time,Christmas,,,,muffinsadistic
768,,,,,believe,much
769,playin,Christmas,,,know,madeas
770,plush,,,,,
771,chip,Christmas,midnight,,snack,packet
772,lenticular,christmas,,,,tete
773,plush,,,,,
774,,,,,,
775,,Halloween,,,crybabyybxtch,
776,,Day,,,ktfuntweet,
777,amp,Christmas,,,promiselittle,kpcheeringmomo
778,,,,,ready,
779,truthabouthope,,,,,
780,war,Christmas,,,prefer,
781,,Christmas,,,,close
782,,,,,ready,
783,cane,Christmas,,,buy,
784,matt,,,,flavorspadillesophisticate,
785,plush,,,,,
786,tienen,,,,,
787,custo,Christmas,,,ask,entire
788,toploader,,,,take,
789,b,month,,,come,big
790,way,Christmas,,,feel,
791,excitement,Christmas,,,sleep,sleep
792,arashiofficial,,,,wait,
793,arashiofficial,,,,,stunning
794,arashiofficial,,,,,songsrequ
795,plush,,,,,
796,event,,,Asana,flow,large
797,,christmas,,,,
798,,,,,kill,
799,plush,,,,,
800,tienen,,,,,
801,FigureSEGA,,,,,
802,miracle,,,,,
803,tienen,,,,,
804,,,,,,
805,plush,,,,,
806,plush,,,,,
807,lunch,Christmas,,,eat,aged
808,truthabouthope,,,,,
809,embr,,,,play,
810,plush,,,,,
811,vibe,Eve,,,,big
812,game,Christmas,,,enjoy,kid
813,year,christmas,,,sayup,new
814,prearrange,Christmas,,Saigon,play,american
815,song,,,,promote,good
816,reminder,day,,,leave,quick
817,dad,,,,buy,
818,christma,,,,,
819,christma,,,,,
820,gay,Christmas,,,go,cheery
821,show,,,,old,
822,dad,,,,buy,
823,tone,Christmas,,,merry,
824,,,,,,
825,,season,,,,
826,,,,,,
827,community,,,,happen,
828,festival,,,,alAdha,
829,part,,,,call,
830,c,,,,sendi,needy
831,,,,,aladha,
832,comme,,,EARTH,ask,
833,sacrifice,,,EARTH,ask,comme
834,eidaladha,,,,bring,joyous
835,ber,,,Waisen,die,
836,,,,,gatecrash,
837,tok,,,,poenget,
838,aladha,,,,hjem,grnseovergangsfaciliteterne
839,aladha,,,,,
840,aladha,,,,excite,
841,aladha,,,UK,,
842,closet,,,Poshmark,add,
843,son,,,,appease,
844,,alAdha,,,wish,
845,aladha,October,,,inaugurate,
846,aladha,Eid,,,,little
847,aladha,,,,,
848,alfitr,holiday,,Quran,celebrate,first
849,alfitr,holiday,,Quran,celebrate,first
850,country,today,,,bid,
851,world,Eid,,,celebrate,
852,,,,,,
853,aladha,Eid,,,,
854,th,day,,,perform,long
855,pilgrimage,day,,,perform,
856,pilgrim,month,,,strike,
857,pilgrim,month,,,strike,
858,vsanashoe,,,,aladha,
859,vsanashoe,,,,aladha,
860,sacr,,,,grow,happy
861,state,,,,alAdha,optional
862,aladh,,,,break,everyday
863,alf,Jan,,Texas,celebrate,easy
864,aladha,,,,know,mmheretic
865,alf,Jan,,Texas,celebrate,easy
866,alf,Jan,,Texas,celebrate,easy
867,calendar,,,,make,inclusive
868,calendar,,,,make,inclusive
869,holiday,,,,make,inclusive
870,alf,Jan,,Texas,celebrate,easy
871,ston,,,,travel,ritual
872,alf,Jan,,Texas,celebrate,easy
873,alf,Jan,,Texas,celebrate,easy
874,prayer,,,,proceed,
875,prayer,,,,proceed,
876,prayer,,,,proceed,
877,prayer,,,,proceed,
878,w,week,,,put,extended
879,release,,tonight,,,
880,release,,tonight,,,
881,prayer,,,,proceed,
882,ei,,,,proceed,
883,inshallah,,,,fitr,holy
884,release,,tonight,,,
885,text,,,,eidi,
886,fitr,year,,,ul,hot
887,food,,,,give,early
888,experience,,,Nubaids,,
889,holiday,,,,declare,
890,release,,tonight,,,
891,situation,,,,prevail,covid
892,release,,tonight,,,
893,release,,tonight,,,
894,release,,tonight,,,
895,time,,,,imagine,mi
896,toy,,,,eidulfitrdonate,new
897,eidulfi,,,,enjoy,traditional
898,aim,,,,help,
899,college,tomorrow,,,remain,closed
900,,,,,,
901,dharna,,,,promise,front
902,video,,,,learn,interested
903,,,,,,
904,greet,,,JaPa,greet,
905,week,daily,,India,follow,
906,dharna,,,,promise,front
907,college,Eid,,,ulfitr,closed
908,college,Eid,,,ulfitr,closed
909,,,,,IVFICSI,valid
910,college,tomorrow,,,remain,closed
911,college,Eid,,,ulfitr,closed
912,dharna,,,,promise,front
913,untuk,,,,,
914,,,,,,
915,,,,,,
916,,,,,,
917,eidulfitr,,,,anime,
918,dharna,,,,promise,front
919,mariajabbar,,,,regularize,
920,aim,,,,help,
921,country,,,,add,covid
922,dharna,,,,promise,front
923,dharna,,,,promise,front
924,hadith,,,,,
925,thank,,,,ai,enormous
926,pellet,,,,include,live
927,pellet,,,,include,live
928,addinin,,,,,usmanmahamme
929,pellet,,,,include,live
930,pellet,,,,include,live
931,pellet,,,,include,live
932,pellet,,,,include,live
933,ammunition,,,,include,live
934,ca,,,Iran,mest,difficile
935,parler,,,Iran,mest,difficile
936,bahagianya,,,Ramadhan,bgt,
937,night,,,,say,thirsty
938,,day,,,think,
939,muharram,,,,,kbhi
940,co,,,,captain,okhtaapous
941,k,,,,,good
942,water,,,,,unable
943,langkah,,,,banget,
944,murder,,,,reach,sad
945,,,,,,
946,tak,,,Maula,,
947,cok,,,nedir,,
948,bulan,,,,puasa,
949,news,,,,get,muharrambaqi
950,guy,,,,live,
951,,,,,join,
952,join,,,Tokocrypto,dengan,
953,,,,,,
954,,,,,,
955,,,,,,
956,smile,,,,,boxy
957,attitude,,,,,boxy
958,attitude,,,,get,electri
959,attitude,,,,get,electr
960,difference,,,,know,
961,airdrop,,,,organize,eligible
962,bulan,,,,,
963,,day,,,think,
964,night,,,,say,thirsty
965,night,,,,say,thirsty
966,,day,,,think,
967,,,,,,
968,night,,,,say,thirsty
969,,,,,,
970,,day,,,think,
971,success,,,,participate,enthusiastic
972,celebratory,,,,feel,joyous
973,participate,,,,suppo,enthusiastic
974,bulan,,,,puasa,
975,sacrs,,,,,
976,terbaikwaitsevenyear,,,,padahal,
977,chest,,,,allow,many
978,tukiwa,,,,saa,
979,muharramalim,,,,,
980,c,,,,love,black
981,cat,,,,suskween,musalmanic
982,independence,,,,suskween,musalmanic
983,w,,,,remind,much
984,participat,,,,hope,enthusiastic
985,success,,,,participate,enthusiastic
986,,,,,,
987,,,,,,
988,perceive,,,,keep,female
989,,,,,,
990,,,,,,
991,,,,,,muharrambaqi
992,,,,,,
993,org,,,,tuanya,gagal
994,,,,rasanya,udh,bukber
995,,,,,,
996,liye,,,,,bbraina
997,alcohol,,,,remind,
998,alcohol,,,,remind,
999,kind,,,Muharram,celebrate,weird
1000,,,,,,
1001,month,,,Ramadh,,fast
1002,,,,,,
1003,light,,,,rd,
1004,light,,,,rd,
1005,dream,,,,forget,hashtag
1006,state,month,,,,commemorative
1007,blast,,,,remember,
1008,president,,,,celebrate,good
1009,neighborhood,,,Israel,,
1010,independence,,,,need,
1011,FC,,,,,
1012,tie,,,,list,favorite
1013,buttercup,,,,celebrate,new
1014,corruption,,,Kenya,pretend,
1015,show,,,,,
1016,shamsforju,,,HINDUTVA,write,
1017,celebra,July,,,take,big
1018,follower,,,,,
1019,Huh,,,,celebrate,great
1020,celebra,July,,,take,big
1021,jai,,,,,live
1022,celebra,July,,,take,big
1023,business,,,RT,support,small
1024,Day,,,,get,white
1025,independence,,,,need,
1026,,,,,,
1027,independence,,,,need,
1028,day,August,,,vishvahere,
1029,celebra,July,,,take,big
1030,reminder,,,,,friendly
1031,side,,,Independence,spend,
1032,freedom,,,,lead,great
1033,catch,,,,achieve,economic
1034,day,,,,celebrate,
1035,Donnie,,,Galactica,,
1036,Day,,,,,retrospect
1037,independence,,,,need,
1038,wear,,,,think,quirky
1039,lol,,,,make,happy
1040,blender,,,Ninja,use,
1041,wi,,,,,cultural
1042,f,,,,need,enough
1043,celebra,July,,,take,big
1044,wi,,,,,cultural
1045,wi,,,,,cultural
1046,South,,,Africa,congratulate,
1047,decl,,,,inaugurate,possible
1048,wi,,,,,cultural
1049,Huh,,,,celebrate,great
1050,cultu,,,,,
1051,l,,,,,
1052,independence,,,,need,
1053,Day,,,,,
1054,tell,,,,play,close
1055,,,,,,
1056,thetribunechd,,,,,
1057,time,,,,sa,last
1058,man,today,,,walk,black
1059,battle,April,,Lexington,celebrate,huge
1060,cornerhow,,,,celebrate,
1061,celebra,July,,,take,big
1062,eritrean,,,,,happy
1063,Day,,,,come,
1064,baby,flagday,,,outfitsbuy,
1065,trope,,,,hate,good
1066,light,,,,rd,
1067,h,,,,include,
1068,Donnie,,,Galactica,,
1069,good,,,,start,recite
1070,shamsforju,,,HINDUTVA,write,
1071,vote,,,,play,crazy
1072,approach,month,,,see,scottish
1073,joke,,,,,hilarious
1074,,,,HINDUTVA,write,
1075,celebra,July,,,take,big
1076,independence,,,,need,
1077,celebra,July,,,take,big
1078,approach,month,,,see,scottish
1079,business,,,RT,support,small
1080,w,,,,get,easy
1081,celebra,July,,,take,big
1082,guy,,,,enrich,
1083,progress,,,Eritrea,work,murielsoret
1084,LOL,,,,voice,
1085,indepen,,,Texas,hope,legislative
1086,hour,,,,,
1087,day,day,,,sabado,
1088,vote,,,,,loutxgolden
1089,vote,,,,,loutxgolden
1090,hour,,,,,
1091,FC,,,,,
1092,independence,,,,need,
1093,battle,April,,,celebrate,huge
1094,spokesman,,,,tell,
1095,vote,,,,,loutxgolden
1096,celebra,July,,,take,big
1097,independence,,,,need,
1098,celebra,July,,,take,big
1099,traitor,,,,,
1100,traitor,,,,,
1101,celebra,July,,,take,big
1102,traitor,,,,,
1103,traitor,,,,,
